seq,tick,temperature_c,pressure_pa,atmosphere_co2_pct,radiation_usv_h,soil_ph,gas_methane_ppb,water_index,latitude,longitude,label
1,1,-60.78,613.2,95.51,0.645,7.7,12.0,0.212,18.42,77.515,SIMULATED PLANETARY DATA
2,2,-58.49,607.5,94.92,0.69,7.68,13.45,0.176,18.44,77.53,SIMULATED PLANETARY DATA
3,3,-59.21,612.9,95.08,0.707,7.82,10.72,0.18,18.46,77.545,SIMULATED PLANETARY DATA
4,4,-58.6,615.0,95.2,0.673,7.68,10.91,0.195,18.48,77.56,SIMULATED PLANETARY DATA
5,5,-58.6,611.8,95.09,0.683,7.62,12.83,0.202,18.5,77.575,SIMULATED PLANETARY DATA
6,6,-59.53,614.9,95.35,0.717,7.61,15.16,0.239,18.52,77.59,SIMULATED PLANETARY DATA
7,7,-58.93,611.3,95.48,0.73,7.83,13.08,0.24,18.54,77.605,SIMULATED PLANETARY DATA
8,8,-56.97,611.4,95.37,0.749,7.8,13.6,0.228,18.56,77.62,SIMULATED PLANETARY DATA
9,9,-58.58,611.3,95.54,0.73,7.6,13.97,0.238,18.58,77.635,SIMULATED PLANETARY DATA
10,10,-56.36,612.7,95.25,0.743,7.78,14.05,0.222,18.6,77.65,SIMULATED PLANETARY DATA
11,11,-56.62,610.3,94.93,0.763,7.84,14.52,0.225,18.62,77.665,SIMULATED PLANETARY DATA
12,12,-57.29,614.5,95.69,0.774,7.71,15.78,0.218,18.64,77.68,SIMULATED PLANETARY DATA
13,13,-55.98,618.4,95.36,0.762,7.63,14.71,0.264,18.66,77.695,SIMULATED PLANETARY DATA
14,14,-57.23,617.4,95.56,0.794,7.77,15.94,0.24,18.68,77.71,SIMULATED PLANETARY DATA
15,15,-55.3,614.9,94.94,0.798,7.72,13.68,0.242,18.7,77.725,SIMULATED PLANETARY DATA
16,16,-55.27,614.7,95.18,0.784,7.74,15.5,0.242,18.72,77.74,SIMULATED PLANETARY DATA
17,17,-56.39,614.0,95.04,0.791,7.81,16.41,0.265,18.74,77.755,SIMULATED PLANETARY DATA
18,18,-53.78,614.6,95.57,0.8,7.57,13.45,0.22,18.76,77.77,SIMULATED PLANETARY DATA
19,19,-53.72,614.9,94.99,0.801,7.65,13.83,0.231,18.78,77.785,SIMULATED PLANETARY DATA
20,20,-54.18,614.5,95.12,0.808,7.69,15.0,0.253,18.8,77.8,SIMULATED PLANETARY DATA
21,21,-55.47,616.6,95.24,0.779,7.58,17.46,0.257,18.82,77.815,SIMULATED PLANETARY DATA
22,22,-54.71,618.7,95.55,0.77,7.56,14.6,0.272,18.84,77.83,SIMULATED PLANETARY DATA
23,23,-54.65,619.8,95.44,0.803,7.62,18.06,0.279,18.86,77.845,SIMULATED PLANETARY DATA
24,24,-53.4,616.3,95.42,0.794,7.72,15.59,0.271,18.88,77.86,SIMULATED PLANETARY DATA
25,25,-54.59,617.2,95.67,0.822,7.64,17.88,0.254,18.9,77.875,SIMULATED PLANETARY DATA
26,26,-51.78,621.0,95.23,0.783,7.55,18.09,0.24,18.92,77.89,SIMULATED PLANETARY DATA
27,27,-51.99,623.1,95.36,0.776,7.81,18.6,0.282,18.94,77.905,SIMULATED PLANETARY DATA
28,28,-52.77,618.7,95.18,0.776,7.75,16.55,0.253,18.96,77.92,SIMULATED PLANETARY DATA
29,29,-53.85,621.3,95.14,0.79,7.65,18.42,0.298,18.98,77.935,SIMULATED PLANETARY DATA
30,30,-53.99,617.8,95.16,0.816,7.78,16.41,0.258,19.0,77.95,SIMULATED PLANETARY DATA
31,31,-51.91,623.2,95.65,0.773,7.81,17.9,0.277,19.02,77.965,SIMULATED PLANETARY DATA
32,32,-50.88,618.6,95.48,0.752,7.6,18.9,0.262,19.04,77.98,SIMULATED PLANETARY DATA
33,33,-51.47,621.8,95.57,0.763,7.65,16.51,0.303,19.06,77.995,SIMULATED PLANETARY DATA
34,34,-51.87,624.9,95.61,0.743,7.72,15.85,0.255,19.08,78.01,SIMULATED PLANETARY DATA
35,35,-53.4,624.4,95.53,0.778,7.65,17.98,0.301,19.1,78.025,SIMULATED PLANETARY DATA
36,36,-52.43,622.3,95.08,0.726,7.63,19.16,0.29,19.12,78.04,SIMULATED PLANETARY DATA
37,37,-50.76,621.6,95.12,0.761,7.8,15.71,0.297,19.14,78.055,SIMULATED PLANETARY DATA
38,38,-53.24,619.1,95.61,0.708,7.62,19.68,0.284,19.16,78.07,SIMULATED PLANETARY DATA
39,39,-53.15,619.8,95.09,0.742,7.58,19.42,0.282,19.18,78.085,SIMULATED PLANETARY DATA
40,40,-50.59,625.9,95.14,0.704,7.69,16.23,0.3,19.2,78.1,SIMULATED PLANETARY DATA
41,41,-53.4,618.9,95.69,0.697,7.73,17.67,0.281,19.22,78.115,SIMULATED PLANETARY DATA
42,42,-53.36,626.3,95.68,0.728,7.58,16.77,0.3,19.24,78.13,SIMULATED PLANETARY DATA
43,43,-50.65,623.5,95.45,0.7,7.63,18.11,0.283,19.26,78.145,SIMULATED PLANETARY DATA
44,44,-52.9,620.0,95.12,0.71,7.68,18.58,0.304,19.28,78.16,SIMULATED PLANETARY DATA
45,45,-50.89,622.7,95.15,0.661,7.65,19.37,0.32,19.3,78.175,SIMULATED PLANETARY DATA
46,46,-52.88,622.4,95.34,0.666,7.73,16.98,0.268,19.32,78.19,SIMULATED PLANETARY DATA
47,47,-53.15,620.4,95.34,0.625,7.57,18.54,0.285,19.34,78.205,SIMULATED PLANETARY DATA
48,48,-51.61,623.9,95.59,0.62,7.7,19.18,0.273,19.36,78.22,SIMULATED PLANETARY DATA
49,49,-51.25,621.5,95.52,0.66,7.8,17.27,0.275,19.38,78.235,SIMULATED PLANETARY DATA
50,50,-52.68,627.6,95.13,0.645,7.59,19.61,0.271,19.4,78.25,SIMULATED PLANETARY DATA
51,51,-53.42,627.6,95.54,0.636,7.8,18.93,0.311,19.42,78.265,SIMULATED PLANETARY DATA
52,52,-53.98,623.9,95.03,0.615,7.75,16.93,0.274,19.44,78.28,SIMULATED PLANETARY DATA
53,53,-51.79,627.0,95.34,0.595,7.81,17.7,0.294,19.46,78.295,SIMULATED PLANETARY DATA
54,54,-53.83,622.7,94.92,0.592,7.68,18.13,0.274,19.48,78.31,SIMULATED PLANETARY DATA
55,55,-53.97,621.8,95.0,0.56,7.8,17.39,0.294,19.5,78.325,SIMULATED PLANETARY DATA
56,56,-53.39,622.6,94.91,0.568,7.7,18.33,0.296,19.52,78.34,SIMULATED PLANETARY DATA
57,57,-53.37,626.7,95.09,0.558,7.69,16.58,0.295,19.54,78.355,SIMULATED PLANETARY DATA
58,58,-53.96,628.1,95.63,0.537,7.74,15.8,0.274,19.56,78.37,SIMULATED PLANETARY DATA
59,59,-54.33,628.0,95.03,0.559,7.81,16.78,0.311,19.58,78.385,SIMULATED PLANETARY DATA
60,60,-53.55,623.9,95.46,0.551,7.73,18.88,0.323,19.6,78.4,SIMULATED PLANETARY DATA
